[
  {
    "id": 1,
    "genre": "Hip Hop Music",
    "img": "http://www.hercampus.com/sites/default/files/styles/full_width_embed/public/2015/05/08/People-At-Concert-my-walls-net%20(1).jpg?itok=OGIsmP22",
    "iframe": "http://128.199.122.207:8080/static/pitch_perfect.mp4",
    "time": "5:40",
    "name": " Listen To All New Hip Hop Music",
    "views": 347490,
    "likes": 3873,
    "comments": 283,
    "description": "The Barden Bellas are a collegiate, all-girls a cappella singing group thriving on female pop songs and their perfect looks. After a disastrous failing at last year's finals, they are forced to regroup. Among the new recruits is freshman Beca, an independent, aspiring DJ with no interest in the college life. But after she meets Jesse, from the rival all-male a cappella group, Beca has a new outlook and takes it upon herself to help the Bellas find their new look and sound and get back into the competition.",
    "ep": 17
  },
  {
    "id": 1,
    "name": "Pop Music",
    "img": "http://busconews.com/wp-content/uploads/2015/11/concert-crowd-862211.jpg",
    "url": "http://128.199.122.207:8080/static/the_lord_of_the_ring.mp4",
    "time": "80:38",
    "Author": "J. R. R. Tolkien",
    "views": 347490,
    "likes": 383,
    "genre": "Pop Music",
    "name": " All New Pop Music",
    "comments": 2823,
    "description": "The Lord of the Rings is an epic high-fantasy novel written by English author J. R. R. Tolkien. The story began as a sequel to Tolkien's 1937 fantasy novel The Hobbit, but eventually developed into a much larger work. Written in stages between 1937 and 1949, The Lord of the Rings is the second best-selling novel ever written, with over 150 million copies sold.[1]",
    "ep": 38
  },
  {
    "id": 1,
    "name": "The Hunger Games (2012)",
    "img": "http://cs6026.vk.me/v6026524/881b/VMvUUZtVDy0.jpg",
    "url": "http://128.199.122.207:8080/static/the_hunger_game_1.mp4",
      "genre": "Pop Music",
    "name": " All New Pop Music",
    "time": "4:38",
    "Author": "Gary Ross",
    "views": 48475,
    "likes": 3583,
    "comments": 23823,
    "description": "Katniss Everdeen voluntarily takes her younger sister's place in the Hunger Games, a televised competition in which two teenagers from each of the twelve Districts of Panem are chosen at random to fight to the death.",
    "ep": 8
  },
  {
    "id": 1,
    "name": "Pitch Perfect 2 (2015)",
    "img": "http://www.deaflawyers.org/wp-content/uploads/2015/11/concert-3.jpg",
    "url": "http://128.199.122.207:8080/static/pitch_perfect.mp4",
    "time": "5:40",
    "Author": "Elizabeth Banks",
      "genre": "Pop Music",
    "name": " All New Pop Music",
    "views": 347490,
    "likes": 3873,
    "comments": 283,
    "description": "The Barden Bellas are a collegiate, all-girls a cappella singing group thriving on female pop songs and their perfect looks. After a disastrous failing at last year's finals, they are forced to regroup. Among the new recruits is freshman Beca, an independent, aspiring DJ with no interest in the college life. But after she meets Jesse, from the rival all-male a cappella group, Beca has a new outlook and takes it upon herself to help the Bellas find their new look and sound and get back into the competition.",
    "ep": 17
  },
  {
    "id": 1,
    "name": "The lord of the rings (ep.3)",
    "img": "http://nevseoboi.com.ua/uploads/posts/2012-05/thumbs/1337265631-1426029-creative_43.jpg",
    "url": "http://128.199.122.207:8080/static/the_lord_of_the_ring.mp4",
    "time": "80:38",
    "Author": "J. R. R. Tolkien",
      "genre": "Pop Music",
    "name": " All New Pop Music",
    "views": 347490,
    "likes": 383,
    "comments": 2823,
    "description": "The Lord of the Rings is an epic high-fantasy novel written by English author J. R. R. Tolkien. The story began as a sequel to Tolkien's 1937 fantasy novel The Hobbit, but eventually developed into a much larger work. Written in stages between 1937 and 1949, The Lord of the Rings is the second best-selling novel ever written, with over 150 million copies sold.[1]",
    "ep": 38
  },
    {
    "id": 1,
    "name": "The lord of the rings (ep.3)",
    "img": "http://static.alaraby.tv/Content/ResizedImages/370/292/outside/151103085100111~concert.jpg",
    "url": "http://128.199.122.207:8080/static/the_lord_of_the_ring.mp4",
    "time": "80:38",
    "Author": "J. R. R. Tolkien",
      "genre": "Pop Music",
    "name": " All New Pop Music",
    "views": 347490,
    "likes": 383,
    "comments": 2823,
    "description": "The Lord of the Rings is an epic high-fantasy novel written by English author J. R. R. Tolkien. The story began as a sequel to Tolkien's 1937 fantasy novel The Hobbit, but eventually developed into a much larger work. Written in stages between 1937 and 1949, The Lord of the Rings is the second best-selling novel ever written, with over 150 million copies sold.[1]",
    "ep": 38
  },
    {
    "id": 1,
    "name": "The lord of the rings (ep.3)",
    "img": "http://www.amsterdo.com/wp-content/uploads/2014/07/festival-crowd-style-2013-2.jpg",
    "url": "http://128.199.122.207:8080/static/the_lord_of_the_ring.mp4",
    "time": "80:38",
    "Author": "J. R. R. Tolkien",
      "genre": "Pop Music",
    "name": " All New Pop Music",
    "views": 347490,
    "likes": 383,
    "comments": 2823,
    "description": "The Lord of the Rings is an epic high-fantasy novel written by English author J. R. R. Tolkien. The story began as a sequel to Tolkien's 1937 fantasy novel The Hobbit, but eventually developed into a much larger work. Written in stages between 1937 and 1949, The Lord of the Rings is the second best-selling novel ever written, with over 150 million copies sold.[1]",
    "ep": 38
  },
    {
    "id": 1,
    "name": "The lord of the rings (ep.3)",
    "img": "http://miriamzacharias.com/wordpress/wp-content/uploads/2015/06/7-2-15-celebrity-stage-post-e1435672758480.jpg",
    "url": "http://128.199.122.207:8080/static/the_lord_of_the_ring.mp4",
    "time": "80:38",
      "genre": "Pop Music",
    "name": " All New Pop Music",
    "Author": "J. R. R. Tolkien",
    "views": 347490,
    "likes": 383,
    "comments": 2823,
    "description": "The Lord of the Rings is an epic high-fantasy novel written by English author J. R. R. Tolkien. The story began as a sequel to Tolkien's 1937 fantasy novel The Hobbit, but eventually developed into a much larger work. Written in stages between 1937 and 1949, The Lord of the Rings is the second best-selling novel ever written, with over 150 million copies sold.[1]",
    "ep": 38
  },
    {
    "id": 1,
    "name": "The lord of the rings (ep.3)",
    "img": "https://pbs.twimg.com/media/CM8bshwWIAAP36p.jpg",
    "url": "http://128.199.122.207:8080/static/the_lord_of_the_ring.mp4",
    "time": "80:38",
      "genre": "Pop Music",
    "name": " All New Pop Music",
    "Author": "J. R. R. Tolkien",
    "views": 347490,
    "likes": 383,
    "comments": 2823,
    "description": "The Lord of the Rings is an epic high-fantasy novel written by English author J. R. R. Tolkien. The story began as a sequel to Tolkien's 1937 fantasy novel The Hobbit, but eventually developed into a much larger work. Written in stages between 1937 and 1949, The Lord of the Rings is the second best-selling novel ever written, with over 150 million copies sold.[1]",
    "ep": 38
  },
    {
    "id": 1,
    "name": "The lord of the rings (ep.3)",
    "img": "http://36.media.tumblr.com/6d645ca87d792cefd745648ebce37796/tumblr_ns0abuJHaI1rksvreo7_1280.jpg",
    "url": "http://128.199.122.207:8080/static/the_lord_of_the_ring.mp4",
    "time": "80:38",
      "genre": "Pop Music",
    "name": " All New Pop Music",
    "Author": "J. R. R. Tolkien",
    "views": 347490,
    "likes": 383,
    "comments": 2823,
    "description": "The Lord of the Rings is an epic high-fantasy novel written by English author J. R. R. Tolkien. The story began as a sequel to Tolkien's 1937 fantasy novel The Hobbit, but eventually developed into a much larger work. Written in stages between 1937 and 1949, The Lord of the Rings is the second best-selling novel ever written, with over 150 million copies sold.[1]",
    "ep": 38
  },
  {
    "id": 1,
    "name": "The Hunger Games (2012)",
    "img": "http://stupiddope.com/wp-content/uploads/2014/08/10-One-of-A-Kind-EDM-Producers-You-Should-Know-630x420.jpg",
    "url": "http://128.199.122.207:8080/static/the_hunger_game_1.mp4",
    "time": "4:38",
      "genre": "Pop Music",
    "name": " All New Pop Music",
    "Author": "Gary Ross",
    "views": 48475,
    "likes": 3583,
    "comments": 23823,
    "description": "Katniss Everdeen voluntarily takes her younger sister's place in the Hunger Games, a televised competition in which two teenagers from each of the twelve Districts of Panem are chosen at random to fight to the death.",
    "ep": 8
  }
]


