{
  "name": "mdi",
  "version": "1.3.41",
  "main": [
    "css/materialdesignicons.css",
    "fonts/*",
    "css/*",
    "scss/*",
    "package.json",
    "preview.html"
  ],
  "homepage": "http://materialdesignicons.com",
  "authors": [
    {
      "name": "Austin Andrews",
      "homepage": "http://templarian.com"
    },
    {
      "name": "Google",
      "homepage": "http://www.google.com/design"
    }
  ],
  "license": [
    "OFL-1.1",
    "MIT"
  ],
  "ignore": [
    "*.md",
    "*.json"
  ],
  "keywords": [
    "material",
    "design",
    "icons",
    "webfont"
  ],
  "_release": "1.3.41",
  "_resolution": {
    "type": "version",
    "tag": "v1.3.41",
    "commit": "206f05d2756d49276e47eeede8e5077de413c981"
  },
  "_source": "git://github.com/Templarian/MaterialDesign-Webfont.git",
  "_target": "~1.3.41",
  "_originalSource": "mdi",
  "_direct": true
}